{
  "bronze": {
    "caipirinha": 10,
    "mojito": 3.43,
    "sex_on_the_beach": 5.5,
    "gin_tonica": 5.95,
    "moscow_mule": 4.55,
    "gin_tropical": 7.27,
    "gim_tropical": 6,
    "negroni": 7.58,
    "aperol_spritz": 12,
    "whisky_sour": 6.26,
    "cosmopolitan": 4.8,
    "caipirinha_morango": 5.73,
    "caipirinha_limao": 4.83,
    "caipirinha_kiwi": 9.5,
    "pina_colada": 5.9,
    "alexander": 5.74,
    "tequila_sour": 5.75,
    "tequila_sunrise": 5.73,
    "pink_lady": 5,
    "limonada_suica": 3.4,
    "lagoa_azul": 4.82,
    "caipirinha_cachaca": 3.5,
    "caipirinha_vinho": 4,
    "cream_pink": 6.5,
    "cotton_fairy": 5.5,
    "marguerita": 6,
    "amaretto_sour": 8,
    "hold_hup": 8.5,
    "passion": 8.5,
    "cookie_drink": 9.5,
    "mirtilo_sour": 7.5,
    "toscano": 8.5,
    "oreo_yin": 8.5,
    "cotton_fairy_sem_alcool": 8,
    "mojito_sem_alcool": 2,
    "moscow_mule_sem_alcool": 3.5,
    "pina_colada_sem_alcool": 3.9,
    "sex_on_the_beach_sem_alcool": 5.5,
    "soda_italiana_limao_siciliano_e_morango": 4
  },
  "prata": {
    "caipirinha": 14,
    "mojito": 7.43,
    "sex_on_the_beach": 9.5,
    "gin_tonica": 9.95,
    "moscow_mule": 8.55,
    "gin_tropical": 11.27,
    "gim_tropical": 10,
    "negroni": 11.58,
    "aperol_spritz": 16,
    "whisky_sour": 10.26,
    "cosmopolitan": 8.8,
    "caipirinha_morango": 9.73,
    "caipirinha_limao": 8.83,
    "caipirinha_kiwi": 13.5,
    "pina_colada": 9.9,
    "alexander": 9.74,
    "tequila_sour": 9.75,
    "tequila_sunrise": 9.73,
    "pink_lady": 9,
    "limonada_suica": 7.4,
    "lagoa_azul": 8.82,
    "caipirinha_cachaca": 7.5,
    "caipirinha_vinho": 8,
    "cream_pink": 10.5,
    "cotton_fairy": 9.5,
    "marguerita": 10,
    "amaretto_sour": 12,
    "hold_hup": 12.5,
    "passion": 12.5,
    "cookie_drink": 13.5,
    "mirtilo_sour": 11.5,
    "toscano": 12.5,
    "oreo_yin": 12.5,
    "cotton_fairy_sem_alcool": 8,
    "mojito_sem_alcool": 2,
    "moscow_mule_sem_alcool": 3.5,
    "pina_colada_sem_alcool": 3.9,
    "sex_on_the_beach_sem_alcool": 5.5,
    "soda_italiana_limao_siciliano_e_morango": 4
  },
  "ouro": {
    "caipirinha": 18,
    "mojito": 11.43,
    "sex_on_the_beach": 13.5,
    "gin_tonica": 13.95,
    "moscow_mule": 12.55,
    "gin_tropical": 15.27,
    "gim_tropical": 14,
    "negroni": 15.58,
    "aperol_spritz": 20,
    "whisky_sour": 14.26,
    "cosmopolitan": 12.8,
    "caipirinha_morango": 13.73,
    "caipirinha_limao": 12.83,
    "caipirinha_kiwi": 17.5,
    "pina_colada": 13.9,
    "alexander": 13.74,
    "tequila_sour": 13.75,
    "tequila_sunrise": 13.73,
    "pink_lady": 13,
    "limonada_suica": 11.4,
    "lagoa_azul": 12.82,
    "caipirinha_cachaca": 11.5,
    "caipirinha_vinho": 12,
    "cream_pink": 14.5,
    "cotton_fairy": 13.5,
    "marguerita": 14,
    "amaretto_sour": 16,
    "hold_hup": 16.5,
    "passion": 16.5,
    "cookie_drink": 17.5,
    "mirtilo_sour": 15.5,
    "toscano": 16.5,
    "oreo_yin": 16.5,
    "cotton_fairy_sem_alcool": 8,
    "mojito_sem_alcool": 2,
    "moscow_mule_sem_alcool": 3.5,
    "pina_colada_sem_alcool": 3.9,
    "sex_on_the_beach_sem_alcool": 5.5,
    "soda_italiana_limao_siciliano_e_morango": 4
  }
}