{
  "bronze": {
    "caipirinha": 10,
    "mojito": 3.43,
    "sex_on_the_beach": 5.5,
    "gin_tonica": 5.95,
    "moscow_mule": 4.55,
    "gin_tropical": 7.27,
    "gim_tropical": 6,
    "negroni": 7.58,
    "aperol_spritz": 12,
    "whisky_sour": 6.26,
    "cosmopolitan": 4.8,
    "caipirinha_morango": 5.73,
    "caipirinha_limao": 4.83,
    "caipirinha_kiwi": 9.5,
    "pina_colada": 5.9,
    "alexander": 5.74,
    "tequila_sour": 5.75,
    "tequila_sunrise": 5.73,
    "pink_lady": 5,

    "limonada_suica": 3.4,
    "lagoa_azul": 4.82,
    "caipirinha_cachaca": 3.5,
    "caipirinha_vinho": 4,
    "cream_pink": 6.5,
    "cotton_fairy": 5.5,
    "marguerita": 6,
    "amaretto_sour": 8,
    "hold_hup": 8.5,
    "passion": 8.5,
    "cookie_drink": 9.5,
    "mirtilo_sour": 7.5,
    "toscano": 8.5,
    "oreo_yin": 8.5
    ,
    "cotton_fairy": 8.0,
    "mojito_sem_alcool": 2.0,
    "moscow_mule_sem_alcool": 3.5,
    "pina_colada_sem_alcool": 3.9,
    "sex_on_the_beach_sem_alcool": 5.5,
    "soda_italiana_limao_siciliano_e_morango": 4.0
  }
}